<?xml version="1.0" encoding="UTF-8"?>
<project-private xmlns="http://www.netbeans.org/ns/project-private/1">
    <editor-bookmarks xmlns="http://www.netbeans.org/ns/editor-bookmarks/2" lastBookmarkId="0"/>
    <open-files xmlns="http://www.netbeans.org/ns/projectui-open-files/2">
        <group>
            <file>file:/F:/Ky%20V/Java/Practice/Lab1/GUI/src/gui/MyJButton.java</file>
            <file>file:/F:/Ky%20V/Java/Practice/Lab1/GUI/src/gui/MyJComboBox.java</file>
            <file>file:/F:/Ky%20V/Java/Practice/Lab1/GUI/src/gui/MyJList.java</file>
            <file>file:/F:/Ky%20V/Java/Practice/Lab1/GUI/src/gui/MyJTextField.java</file>
            <file>file:/F:/Ky%20V/Java/Practice/Lab1/GUI/src/gui/MyJRadioButton.java</file>
            <file>file:/F:/Ky%20V/Java/Practice/Lab1/GUI/src/gui/MyJLabel.java</file>
            <file>file:/F:/Ky%20V/Java/Practice/Lab1/GUI/src/gui/MyJProgress.java</file>
            <file>file:/F:/Ky%20V/Java/Practice/Lab1/GUI/src/gui/MyJTable.java</file>
        </group>
    </open-files>
</project-private>
